"","id","display_name","author","ab","publication_date","relevance_score","so","so_id","host_organization","issn_l","url","pdf_url","license","version","first_page","last_page","volume","issue","is_oa","cited_by_count","publication_year","cited_by_api_url","ids","doi","type","referenced_works","related_works"
"1","https://openalex.org/W4298007826","The Prevention of COVID-19 in High-Risk Patients Using Tixagevimab–Cilgavimab (Evusheld): Real-World Experience at a Large Academic Center","c(""https://openalex.org/A3008439326"", ""https://openalex.org/A4356209176"", ""https://openalex.org/A4299100421"", ""https://openalex.org/A4299100422"", ""https://openalex.org/A4356704125"", ""https://openalex.org/A1973725323""),c(""Mohanad Al-Obaidi"", ""Ahmet Yalcin Gungor"", ""Sandra E. Kurtin"", ""Ann E. Mathias"", ""Bekir Tanriover"", ""Tirdad T. Zangeneh""),c(""https://orcid.org/0000-0002-5189-6594"", NA, NA, NA, NA, ""https://orcid.org/0000-0002-9035-2952""),c(""first"", ""middle"", ""middle"", ""middle"", ""middle"", ""last""),c(""Division of Infectious Disease, College of Medicine, University of Arizona, Tucson, Arizona, U.S.A."", """", """", """", """", """"),c(""https://openalex.org/I138006243"", NA, NA, NA, NA, NA),c(""University of Arizona"", NA, NA, NA, NA, NA),c(""https://ror.org/03m2x1q45"", NA, NA, NA, NA, NA),c(""US"", NA, NA, NA, NA, NA),c(""education"", NA, NA, NA, NA, NA)",NA,"2022-09-01",NA,"The American Journal of Medicine","https://openalex.org/S186920367","https://openalex.org/P4310320990","0002-9343","https://doi.org/10.1016/j.amjmed.2022.08.019",NA,NA,NA,"96","99","136","1",FALSE,12,2022,"https://api.openalex.org/works?filter=cites:W4298007826","c(""openalex"", ""doi"", ""pmid""),c(""https://openalex.org/W4298007826"", ""https://doi.org/10.1016/j.amjmed.2022.08.019"", ""https://pubmed.ncbi.nlm.nih.gov/36181789"")","https://doi.org/10.1016/j.amjmed.2022.08.019","journal-article","https://openalex.org/W4213067910,https://openalex.org/W4220664012,https://openalex.org/W4220886953,https://openalex.org/W4221116249,https://openalex.org/W4226164088,https://openalex.org/W4226525051,https://openalex.org/W4280500643,https://openalex.org/W4281665851,https://openalex.org/W4281911014,https://openalex.org/W4283078012,https://openalex.org/W4283208961,https://openalex.org/W4283258959,https://openalex.org/W4284889304,https://openalex.org/W4286255972,https://openalex.org/W4288704106","https://openalex.org/W3024667772,https://openalex.org/W3046484251,https://openalex.org/W3110430853,https://openalex.org/W3111470595,https://openalex.org/W3162806017,https://openalex.org/W3164382380,https://openalex.org/W3179754497,https://openalex.org/W4312220742,https://openalex.org/W4316928760,https://openalex.org/W4319826681"
"2","https://openalex.org/W4220847717","Early Data on Utilization and Discard of Organs From COVID-19–infected Donors: A US National Registry Analysis","c(""https://openalex.org/A4357149777"", ""https://openalex.org/A3015377766"", ""https://openalex.org/A4356209176"", ""https://openalex.org/A2169497048"", ""https://openalex.org/A4349286345"", ""https://openalex.org/A4356704125""),c(""Kamal Dua"", ""Ambreen Azhar"", ""Ahmet Yalcin Gungor"", ""Miklos Z. Molnar"", ""Megan Morales"", ""Bekir Tanriover""),c(NA, ""https://orcid.org/0000-0002-3524-5441"", NA, ""https://orcid.org/0000-0002-9665-330X"", NA, NA),c(""first"", ""middle"", ""middle"", ""middle"", ""middle"", ""last""),c(""Virginia Commonwealth University, Richmond, VA."", ""Virginia Commonwealth University, Richmond, VA."", ""Division of Nephrology, The University of Arizona, Tucson, AZ."", ""University of Utah, Salt Lake City, UT."", ""Virginia Commonwealth University, Richmond, VA."", ""Division of Nephrology, The University of Arizona, Tucson, AZ.""),c(""https://openalex.org/I184840846"", ""https://openalex.org/I184840846"", ""https://openalex.org/I138006243"", ""https://openalex.org/I223532165"", ""https://openalex.org/I184840846"", ""https://openalex.org/I138006243""),c(""Virginia Commonwealth University"", ""Virginia Commonwealth University"", ""University of Arizona"", ""University of Utah"", ""Virginia Commonwealth University"", ""University of Arizona""),c(""https://ror.org/02nkdxk79"", ""https://ror.org/02nkdxk79"", ""https://ror.org/03m2x1q45"", ""https://ror.org/03r0ha626"", ""https://ror.org/02nkdxk79"", ""https://ror.org/03m2x1q45""),c(""US"", ""US"", ""US"", ""US"", ""US"", ""US""),c(""education"", ""education"", ""education"", ""education"", ""education"", ""education"")",NA,"2022-03-01",NA,"Transplantation","https://openalex.org/S11564597","https://openalex.org/P4310318547","0041-1337","https://doi.org/10.1097/tp.0000000000004091",NA,NA,"publishedVersion","e266","e268","106","5",TRUE,8,2022,"https://api.openalex.org/works?filter=cites:W4220847717","c(""openalex"", ""doi"", ""pmid""),c(""https://openalex.org/W4220847717"", ""https://doi.org/10.1097/tp.0000000000004091"", ""https://pubmed.ncbi.nlm.nih.gov/35250008"")","https://doi.org/10.1097/tp.0000000000004091","journal-article","https://openalex.org/W3023115713,https://openalex.org/W3024441519,https://openalex.org/W3129644509,https://openalex.org/W3177707128,https://openalex.org/W3181169176","https://openalex.org/W3013048436,https://openalex.org/W3023213585,https://openalex.org/W3083031127,https://openalex.org/W3084498529,https://openalex.org/W3087427886,https://openalex.org/W3087747856,https://openalex.org/W3119779361,https://openalex.org/W3152387439,https://openalex.org/W3156800464,https://openalex.org/W3178186717"
"3","https://openalex.org/W3173903288","Liver Transplantation in the Time of a Pandemic","c(""https://openalex.org/A2031980889"", ""https://openalex.org/A4358086479"", ""https://openalex.org/A4354421747"", ""https://openalex.org/A2311933745"", ""https://openalex.org/A2597798314"", ""https://openalex.org/A4351308889"", ""https://openalex.org/A4358555182"", ""https://openalex.org/A2118806536"", ""https://openalex.org/A3082741355"", ""https://openalex.org/A4356704125"", ""https://openalex.org/A4353870004"", ""https://openalex.org/A322275618""),c(""Malcolm MacConmara"", ""Benjamin Wang"", ""M. Patel"", ""Christine S. Hwang"", ""Lucia DeGregorio"", ""Jigesh A. Shah"", ""Steven I. Hanish"", ""Dev M. Desai"", ""Raymond J. Lynch"", ""Bekir Tanriover"", ""Herbert J. Zeh"", ""Parsia A. Vagefi""),c(""https://orcid.org/0000-0001-7683-6945"", NA, NA, ""https://orcid.org/0000-0003-4262-122X"", NA, NA, NA, ""https://orcid.org/0000-0001-8233-1425"", ""https://orcid.org/0000-0001-8371-7514"", NA, NA, NA),c(""first"", ""middle"", ""middle"", ""middle"", ""middle"", ""middle"", ""middle"", ""middle"", ""middle"", ""middle"", ""middle"", ""last""),c(""Division of Surgical Transplantation, Department of Surgery, University of Texas Southwestern Medical Center, Dallas, TX"", ""Division of Surgical Transplantation, Department of Surgery, University of Texas Southwestern Medical Center, Dallas, TX"", ""Department of Transplantation, University of Toronto, Toronto, ON, Canada"", ""Division of Surgical Transplantation, Department of Surgery, University of Texas Southwestern Medical Center, Dallas, TX"", ""Division of Surgical Transplantation, Department of Surgery, University of Texas Southwestern Medical Center, Dallas, TX"", 
""Division of Surgical Transplantation, Department of Surgery, University of Texas Southwestern Medical Center, Dallas, TX"", ""Division of Surgical Transplantation, Department of Surgery, University of Texas Southwestern Medical Center, Dallas, TX"", ""Division of Surgical Transplantation, Department of Surgery, University of Texas Southwestern Medical Center, Dallas, TX"", ""Division of Transplantation, Department of Surgery, Emory University, Atlanta, GA"", ""Division of Nephrology, Department of Medicine, University of Arizona, Tuscon, AZ."", 
""Division of Surgical Transplantation, Department of Surgery, University of Texas Southwestern Medical Center, Dallas, TX"", ""Division of Surgical Transplantation, Department of Surgery, University of Texas Southwestern Medical Center, Dallas, TX""),c(""https://openalex.org/I867280407"", ""https://openalex.org/I867280407"", ""https://openalex.org/I185261750"", ""https://openalex.org/I867280407"", ""https://openalex.org/I867280407"", ""https://openalex.org/I867280407"", ""https://openalex.org/I867280407"", ""https://openalex.org/I867280407"", ""https://openalex.org/I150468666"", ""https://openalex.org/I138006243"", ""https://openalex.org/I867280407"", ""https://openalex.org/I867280407""),c(""The University of Texas Southwestern Medical Center"", ""The University of Texas Southwestern Medical Center"", ""University of Toronto"", ""The University of Texas Southwestern Medical Center"", ""The University of Texas Southwestern Medical Center"", ""The University of Texas Southwestern Medical Center"", ""The University of Texas Southwestern Medical Center"", ""The University of Texas Southwestern Medical Center"", ""Emory University"", ""University of Arizona"", ""The University of Texas Southwestern Medical Center"", 
""The University of Texas Southwestern Medical Center""),c(""https://ror.org/05byvp690"", ""https://ror.org/05byvp690"", ""https://ror.org/03dbr7087"", ""https://ror.org/05byvp690"", ""https://ror.org/05byvp690"", ""https://ror.org/05byvp690"", ""https://ror.org/05byvp690"", ""https://ror.org/05byvp690"", ""https://ror.org/03czfpz43"", ""https://ror.org/03m2x1q45"", ""https://ror.org/05byvp690"", ""https://ror.org/05byvp690""),c(""US"", ""US"", ""CA"", ""US"", ""US"", ""US"", ""US"", ""US"", ""US"", ""US"", ""US"", ""US""),c(""healthcare"", ""healthcare"", ""education"", ""healthcare"", ""healthcare"", ""healthcare"", ""healthcare"", ""healthcare"", ""education"", ""education"", ""healthcare"", ""healthcare"")",NA,"2021-06-25",NA,"Annals of Surgery","https://openalex.org/S157664895","https://openalex.org/P4310315671","0003-4932","https://doi.org/10.1097/sla.0000000000004994",NA,NA,NA,"427","433","274","3",FALSE,6,2021,"https://api.openalex.org/works?filter=cites:W3173903288","c(""openalex"", ""doi"", ""mag"", ""pmid"", ""pmcid""),c(""https://openalex.org/W3173903288"", ""https://doi.org/10.1097/sla.0000000000004994"", ""3173903288"", ""https://pubmed.ncbi.nlm.nih.gov/34183513"", ""https://www.ncbi.nlm.nih.gov/pmc/articles/8354487"")","https://doi.org/10.1097/sla.0000000000004994","journal-article","https://openalex.org/W49596168,https://openalex.org/W1964183098,https://openalex.org/W1971335799,https://openalex.org/W1987463134,https://openalex.org/W2006171903,https://openalex.org/W2047582541,https://openalex.org/W2063430729,https://openalex.org/W2112015669,https://openalex.org/W2328718085,https://openalex.org/W2735849488,https://openalex.org/W2754160328,https://openalex.org/W2921438895,https://openalex.org/W2949622229,https://openalex.org/W2977500454,https://openalex.org/W3012581356,https://openalex.org/W3015807396,https://openalex.org/W3015937556,https://openalex.org/W3016474181,https://openalex.org/W3020264722,https://openalex.org/W3042339743,https://openalex.org/W3089332324,https://openalex.org/W3092114411,https://openalex.org/W3099105066,https://openalex.org/W3120518670,https://openalex.org/W3122609186,https://openalex.org/W3131268672","https://openalex.org/W881425895,https://openalex.org/W1543256914,https://openalex.org/W2262524499,https://openalex.org/W2314999510,https://openalex.org/W3012237406,https://openalex.org/W4212977085,https://openalex.org/W4226042254,https://openalex.org/W4253083856,https://openalex.org/W4311068385,https://openalex.org/W4322729359"
"4","https://openalex.org/W4223491415","Effectiveness of Casirivimab-Imdevimab Monoclonal Antibody Treatment Among High-Risk Patients With Severe Acute Respiratory Syndrome Coronavirus 2 B.1.617.2 (Delta Variant) Infection","c(""https://openalex.org/A4359970951"", ""https://openalex.org/A4356209176"", ""https://openalex.org/A4333367155"", ""https://openalex.org/A4359774291"", ""https://openalex.org/A4339332837"", ""https://openalex.org/A4357949724"", ""https://openalex.org/A4223846213"", ""https://openalex.org/A4223846214"", ""https://openalex.org/A4359938851"", ""https://openalex.org/A4333949785"", ""https://openalex.org/A4358271586"", ""https://openalex.org/A4223846218"", ""https://openalex.org/A4223846219"", ""https://openalex.org/A1970514224"", 
""https://openalex.org/A4330774176"", ""https://openalex.org/A4357003358"", ""https://openalex.org/A4356704125""),c(""Mohanad Al-Obaidi"", ""Ahmet Yalcin Gungor"", ""Saman Nematollahi"", ""Tirdad T. Zangeneh"", ""Edward J. Bedrick"", ""Katherine A Johnson"", ""Nicole Adegbija"", ""Ruhaniyah Alam"", ""Pooja Rangan"", ""Craig William Heise"", ""Venkatesh Kumar Ariyamuthu"", ""Aneesha Shetty"", ""Abd Assalam Qannus"", ""Sangeetha Murugapandian"", ""Mehmet U. S. Ayvaci"", ""M. Anand"", ""Bekir Tanriover""),c(NA, NA, NA, NA, NA, NA, NA, NA, NA, NA, NA, NA, NA, NA, NA, NA, NA),c(""first"", ""middle"", ""middle"", ""middle"", ""middle"", ""middle"", ""middle"", ""middle"", ""middle"", ""middle"", ""middle"", ""middle"", ""middle"", ""middle"", ""middle"", ""middle"", ""last""),c(""Division of Infectious Disease, College of Medicine, The University of Arizona, Tucson, Arizona, USA"", ""Division of Nephrology, Banner University Medical Center , Tucson, Arizona , USA"", ""Division of Infectious Disease, College of Medicine, The University of Arizona, Tucson, Arizona, USA"", ""Division of Infectious Disease, College of Medicine, The University of Arizona, Tucson, Arizona, USA"", ""Department of Epidemiology and Biostatistics, College of Public Health, The University of Arizona, Tucson, Arizona, USA"", 
""Division of Clinical Pharmacy, The Banner University Medical Center, Tucson, Arizona, USA"", ""Department of Surgery, The Banner University Medical Center, Tucson, Arizona, USA"", ""Division of Clinical Pharmacy, The Banner University Medical Center, Tucson, Arizona, USA"", ""Department of Medicine, Banner University Medical Center Phoenix, Phoenix, Arizona, USA"", ""Division of Clinical Data Analytics and Decision Support, Department of Medicine, College of Medicine – Phoenix, University of Arizona, Phoenix, Arizona, USA"", 
""Division of Nephrology, College of Medicine, The University of Arizona, Tucson, Arizona, USA"", ""Division of Nephrology, College of Medicine, The University of Arizona, Tucson, Arizona, USA"", ""Division of Nephrology, College of Medicine, The University of Arizona, Tucson, Arizona, USA"", ""Division of Nephrology, College of Medicine, The University of Arizona, Tucson, Arizona, USA"", ""Information Systems, Naveen Jindal School of Management, The University of Texas at Dallas, Dallas, Texas, USA"", ""Medical University of South Carolina, Lancaster, South Carolina, USA"", 
""Division of Nephrology, College of Medicine, The University of Arizona, Tucson, Arizona, USA""),c(""https://openalex.org/I138006243"", NA, ""https://openalex.org/I138006243"", ""https://openalex.org/I138006243"", ""https://openalex.org/I138006243"", ""https://openalex.org/I4210124665"", ""https://openalex.org/I4210124665"", ""https://openalex.org/I4210124665"", ""https://openalex.org/I4210103827"", ""https://openalex.org/I138006243"", ""https://openalex.org/I138006243"", ""https://openalex.org/I138006243"", ""https://openalex.org/I138006243"", ""https://openalex.org/I138006243"", ""https://openalex.org/I162577319"", ""https://openalex.org/I9146737"", 
""https://openalex.org/I138006243""),c(""University of Arizona"", ""Division of Nephrology, Banner University Medical Center , Tucson, Arizona , USA"", ""University of Arizona"", ""University of Arizona"", ""University of Arizona"", ""University of Arizona Medical Center"", ""University of Arizona Medical Center"", ""University of Arizona Medical Center"", ""Banner Good Samaritan Medical Center"", ""University of Arizona"", ""University of Arizona"", ""University of Arizona"", ""University of Arizona"", ""University of Arizona"", ""The University of Texas at Dallas"", 
""University of South Carolina Lancaster"", ""University of Arizona""),c(""https://ror.org/03m2x1q45"", NA, ""https://ror.org/03m2x1q45"", ""https://ror.org/03m2x1q45"", ""https://ror.org/03m2x1q45"", ""https://ror.org/02xbk5j62"", ""https://ror.org/02xbk5j62"", ""https://ror.org/02xbk5j62"", ""https://ror.org/01cjjjf51"", ""https://ror.org/03m2x1q45"", ""https://ror.org/03m2x1q45"", ""https://ror.org/03m2x1q45"", ""https://ror.org/03m2x1q45"", ""https://ror.org/03m2x1q45"", ""https://ror.org/049emcs32"", ""https://ror.org/0289me815"", ""https://ror.org/03m2x1q45""),c(""US"", NA, ""US"", ""US"", ""US"", ""US"", ""US"", ""US"", ""US"", ""US"", ""US"", ""US"", ""US"", ""US"", ""US"", ""US"", ""US""),c(""education"", NA, ""education"", ""education"", ""education"", ""healthcare"", ""healthcare"", ""healthcare"", ""healthcare"", ""education"", ""education"", ""education"", ""education"", ""education"", ""education"", ""education"", ""education"")",NA,"2022-04-12",NA,"Open Forum Infectious Diseases","https://openalex.org/S2735126445","https://openalex.org/P4310311648","2328-8957","https://doi.org/10.1093/ofid/ofac186",NA,"cc-by-nc-nd","publishedVersion",NA,NA,"9","7",TRUE,5,2022,"https://api.openalex.org/works?filter=cites:W4223491415","c(""openalex"", ""doi"", ""pmid""),c(""https://openalex.org/W4223491415"", ""https://doi.org/10.1093/ofid/ofac186"", ""https://pubmed.ncbi.nlm.nih.gov/35791354"")","https://doi.org/10.1093/ofid/ofac186","journal-article","https://openalex.org/W2000445173,https://openalex.org/W2122771444,https://openalex.org/W2152849583,https://openalex.org/W2793811202,https://openalex.org/W3008443627,https://openalex.org/W3028583791,https://openalex.org/W3111431752,https://openalex.org/W3131688063,https://openalex.org/W3161034134,https://openalex.org/W3182094313,https://openalex.org/W3184172540,https://openalex.org/W3185801930,https://openalex.org/W3193601449,https://openalex.org/W3198860035,https://openalex.org/W3200130214,https://openalex.org/W3200299601,https://openalex.org/W3208556307,https://openalex.org/W3212357575,https://openalex.org/W4205329284,https://openalex.org/W4212988737,https://openalex.org/W4225505755,https://openalex.org/W4225826670,https://openalex.org/W4225854071,https://openalex.org/W4226004814,https://openalex.org/W4237585208","https://openalex.org/W1516595110,https://openalex.org/W1548660409,https://openalex.org/W1888779397,https://openalex.org/W1999374750,https://openalex.org/W2026094606,https://openalex.org/W2490521022,https://openalex.org/W2515906920,https://openalex.org/W2900720613,https://openalex.org/W3025172794,https://openalex.org/W4281570920"
"5","https://openalex.org/W3120637367","Optimizing Utilization of Kidneys from Hepatitis C–Positive Kidney Donors","c(""https://openalex.org/A1992216430"", ""https://openalex.org/A4356704125""),c(""Venkatesh Kumar Ariyamuthu"", ""Bekir Tanriover""),c(NA, NA),c(""first"", ""last""),c(""Division of Nephrology, University of Arizona, College of Medicine, Tucson, Arizona."", ""Division of Nephrology, University of Arizona, College of Medicine, Tucson, Arizona.""),c(""https://openalex.org/I138006243"", ""https://openalex.org/I138006243""),c(""University of Arizona"", ""University of Arizona""),c(""https://ror.org/03m2x1q45"", ""https://ror.org/03m2x1q45""),c(""US"", ""US""),c(""education"", ""education"")",NA,"2021-02-08",NA,"Clinical Journal of The American Society of Nephrology","https://openalex.org/S184267533","https://openalex.org/P4310315620","1555-9041","https://doi.org/10.2215/cjn.19431220","https://cjasn.asnjournals.org/content/clinjasn/16/2/188.full.pdf",NA,"publishedVersion","188","190","16","2",TRUE,4,2021,"https://api.openalex.org/works?filter=cites:W3120637367","c(""openalex"", ""doi"", ""mag"", ""pmid"", ""pmcid""),c(""https://openalex.org/W3120637367"", ""https://doi.org/10.2215/cjn.19431220"", ""3120637367"", ""https://pubmed.ncbi.nlm.nih.gov/33451991"", ""https://www.ncbi.nlm.nih.gov/pmc/articles/7863653"")","https://doi.org/10.2215/cjn.19431220","journal-article","https://openalex.org/W2619794408,https://openalex.org/W2789565767,https://openalex.org/W2789847666,https://openalex.org/W2886130990,https://openalex.org/W2900487444,https://openalex.org/W2950265981,https://openalex.org/W2972930424,https://openalex.org/W2985709543,https://openalex.org/W3006342447,https://openalex.org/W3119592211","https://openalex.org/W1966600384,https://openalex.org/W2016895065,https://openalex.org/W2063513203,https://openalex.org/W2077531148,https://openalex.org/W2091577046,https://openalex.org/W2117376546,https://openalex.org/W2135058494,https://openalex.org/W2378019284,https://openalex.org/W2884805679,https://openalex.org/W2888892896"
"6","https://openalex.org/W4290723743","Increased Rates of Kidney Discard in the Era of COVID-19 and Recent KAS Policy Implementation","c(""https://openalex.org/A2050694240"", ""https://openalex.org/A4290724177"", ""https://openalex.org/A333148580"", ""https://openalex.org/A4357149777"", ""https://openalex.org/A4356704125""),c(""Yunus Emre Özer"", ""Salim Kaplan"", ""Burhaneddin Sandikci"", ""Kamal Dua"", ""Bekir Tanriover""),c(NA, NA, ""https://orcid.org/0000-0003-3202-8289"", NA, NA),c(""first"", ""middle"", ""middle"", ""middle"", ""last""),c(""Department of Industrial Engineering, Istanbul Technical University, Istanbul, Turkey."", ""Department of Industrial Engineering, Istanbul Technical University, Istanbul, Turkey."", ""Department of Industrial Engineering, Istanbul Technical University, Istanbul, Turkey."", ""Division of Nephrology, Virginia Commonwealth University, Richmond, VA."", ""Division of Nephrology, The University of Arizona, Tucson, AZ.""),c(""https://openalex.org/I48912391"", ""https://openalex.org/I48912391"", ""https://openalex.org/I48912391"", ""https://openalex.org/I184840846"", ""https://openalex.org/I138006243""),c(""Istanbul Technical University"", ""Istanbul Technical University"", ""Istanbul Technical University"", ""Virginia Commonwealth University"", ""University of Arizona""),c(""https://ror.org/059636586"", ""https://ror.org/059636586"", ""https://ror.org/059636586"", ""https://ror.org/02nkdxk79"", ""https://ror.org/03m2x1q45""),c(""TR"", ""TR"", ""TR"", ""US"", ""US""),c(""education"", ""education"", ""education"", ""education"", ""education"")",NA,"2022-08-05",NA,"Transplantation","https://openalex.org/S11564597","https://openalex.org/P4310318547","0041-1337","https://doi.org/10.1097/tp.0000000000004321",NA,NA,"publishedVersion","e503","e506","106","11",TRUE,3,2022,"https://api.openalex.org/works?filter=cites:W4290723743","c(""openalex"", ""doi"", ""pmid""),c(""https://openalex.org/W4290723743"", ""https://doi.org/10.1097/tp.0000000000004321"", ""https://pubmed.ncbi.nlm.nih.gov/35939384"")","https://doi.org/10.1097/tp.0000000000004321","journal-article","https://openalex.org/W2539251908,https://openalex.org/W3037786834,https://openalex.org/W3046231755,https://openalex.org/W3083689319,https://openalex.org/W3106589379,https://openalex.org/W3112745609,https://openalex.org/W3114607532,https://openalex.org/W3176566999,https://openalex.org/W4205965644,https://openalex.org/W4210745564,https://openalex.org/W4220847717,https://openalex.org/W4223509911","https://openalex.org/W3032320397,https://openalex.org/W3103289217,https://openalex.org/W3106370311,https://openalex.org/W3108360120,https://openalex.org/W3119540162,https://openalex.org/W3162081874,https://openalex.org/W3194637846,https://openalex.org/W4296051989,https://openalex.org/W4313474620,https://openalex.org/W4327956415"
"7","https://openalex.org/W3180447763","Insulin Sensitivity After Living Donor Nephrectomy","c(""https://openalex.org/A4356704125"", ""https://openalex.org/A226851345"", ""https://openalex.org/A4354049964"", ""https://openalex.org/A4338166222"", ""https://openalex.org/A2137287792"", ""https://openalex.org/A4358034115"", ""https://openalex.org/A1808426277"", ""https://openalex.org/A2138070640"", ""https://openalex.org/A4358988296"", ""https://openalex.org/A3182535945"", ""https://openalex.org/A2898754041"", ""https://openalex.org/A1992216430"", ""https://openalex.org/A4336763345"", ""https://openalex.org/A4354748711""
),c(""Bekir Tanriover"", ""Ildiko Lingvay"", ""Faheem Ahmed"", ""Burhaneddin Sandikci"", ""Sumit Mohan"", ""Jeffrey K Aronson"", ""Wahida Karmally"", ""Prince Mohan"", ""Jeffrey H. Newhouse"", ""Sneha Ragunathan"", ""Nashila AbdulRahim"", ""Venkatesh Kumar Ariyamuthu"", ""Lloyd E. Ratner"", ""David Cohen""),c(NA, ""https://orcid.org/0000-0001-7006-7401"", NA, NA, ""https://orcid.org/0000-0002-5305-9685"", NA, NA, NA, NA, NA, ""https://orcid.org/0000-0002-1210-1103"", NA, NA, NA),c(""first"", ""middle"", ""middle"", ""middle"", ""middle"", ""middle"", ""middle"", ""middle"", ""middle"", ""middle"", ""middle"", ""middle"", ""middle"", ""last""),c(""Division of Nephrology, University of Arizona, College of Medicine, Tucson, Arizona."", ""Division of Endocrinology, The University of Texas Southwestern Medical Center, Dallas, Texas"", ""Department of Radiology, Columbia University Medical Center, New York, New York"", ""Booth School of Business, University of Chicago, Chicago, Illinois"", ""Division of Nephrology, Columbia University Medical Center, New York, New York"", ""Biomarkers Core Laboratory, Columbia University Medical Center, New York, New York"", 
""Biomarkers Core Laboratory, Columbia University Medical Center, New York, New York"", ""Division of Nephrology, Geisinger Medical Center, Danville, Pennsylvania"", ""Division of Endocrinology, The University of Texas Southwestern Medical Center, Dallas, Texas"", ""Department of Pediatrics, University of California San Francisco, San Francisco, California"", ""Division of Nephrology, The University of Texas Southwestern Medical Center, Dallas, Texas"", ""Division of Nephrology, University of Arizona College of Medicine, Tucson, Arizona"", 
""Department of Surgery, Columbia University Medical Center, New York, New York"", ""Division of Nephrology, Columbia University Medical Center, New York, New York""),c(""https://openalex.org/I138006243"", ""https://openalex.org/I867280407"", ""https://openalex.org/I2799503643"", ""https://openalex.org/I40347166"", ""https://openalex.org/I2799503643"", ""https://openalex.org/I2799503643"", ""https://openalex.org/I2799503643"", ""https://openalex.org/I1293487830"", ""https://openalex.org/I867280407"", ""https://openalex.org/I180670191"", ""https://openalex.org/I867280407"", ""https://openalex.org/I138006243"", ""https://openalex.org/I2799503643"", ""https://openalex.org/I2799503643""),c(""University of Arizona"", ""The University of Texas Southwestern Medical Center"", ""Columbia University Medical Center"", ""University of Chicago"", ""Columbia University Medical Center"", ""Columbia University Medical Center"", ""Columbia University Medical Center"", ""Geisinger Medical Center"", ""The University of Texas Southwestern Medical Center"", ""University of California, San Francisco"", ""The University of Texas Southwestern Medical Center"", ""University of Arizona"", ""Columbia University Medical Center"", 
""Columbia University Medical Center""),c(""https://ror.org/03m2x1q45"", ""https://ror.org/05byvp690"", ""https://ror.org/01esghr10"", ""https://ror.org/024mw5h28"", ""https://ror.org/01esghr10"", ""https://ror.org/01esghr10"", ""https://ror.org/01esghr10"", ""https://ror.org/03j9npf54"", ""https://ror.org/05byvp690"", ""https://ror.org/043mz5j54"", ""https://ror.org/05byvp690"", ""https://ror.org/03m2x1q45"", ""https://ror.org/01esghr10"", ""https://ror.org/01esghr10""),c(""US"", ""US"", ""US"", ""US"", ""US"", ""US"", ""US"", ""US"", ""US"", ""US"", ""US"", ""US"", ""US"", ""US""),c(""education"", ""healthcare"", ""healthcare"", ""education"", ""healthcare"", ""healthcare"", ""healthcare"", ""healthcare"", ""healthcare"", ""education"", ""healthcare"", ""education"", ""healthcare"", ""healthcare"")",NA,"2021-07-01",NA,"Transplantation Proceedings","https://openalex.org/S146061289","https://openalex.org/P4310320990","0041-1345","https://doi.org/10.1016/j.transproceed.2021.06.007",NA,NA,NA,"1858","1864","53","6",FALSE,2,2021,"https://api.openalex.org/works?filter=cites:W3180447763","c(""openalex"", ""doi"", ""mag"", ""pmid"", ""pmcid""),c(""https://openalex.org/W3180447763"", ""https://doi.org/10.1016/j.transproceed.2021.06.007"", ""3180447763"", ""https://pubmed.ncbi.nlm.nih.gov/34246476"", ""https://www.ncbi.nlm.nih.gov/pmc/articles/8384711"")","https://doi.org/10.1016/j.transproceed.2021.06.007","journal-article","https://openalex.org/W1985359885,https://openalex.org/W2008905653,https://openalex.org/W2023961601,https://openalex.org/W2030795765,https://openalex.org/W2033667814,https://openalex.org/W2036812212,https://openalex.org/W2038310942,https://openalex.org/W2057355781,https://openalex.org/W2061925681,https://openalex.org/W2062356908,https://openalex.org/W2086040782,https://openalex.org/W2102092408,https://openalex.org/W2104169421,https://openalex.org/W2106111056,https://openalex.org/W2115427222,https://openalex.org/W2116990096,https://openalex.org/W2118174270,https://openalex.org/W2133795831,https://openalex.org/W2141363931,https://openalex.org/W2145486738,https://openalex.org/W2160234571,https://openalex.org/W2161215613,https://openalex.org/W2170378756,https://openalex.org/W2607031541,https://openalex.org/W2726763447,https://openalex.org/W2739262366,https://openalex.org/W2884901818,https://openalex.org/W2888302362,https://openalex.org/W2923172861,https://openalex.org/W2997513023","https://openalex.org/W138803513,https://openalex.org/W1986132654,https://openalex.org/W2010140898,https://openalex.org/W2010484394,https://openalex.org/W2032225465,https://openalex.org/W2056849036,https://openalex.org/W2082140668,https://openalex.org/W2151350502,https://openalex.org/W2410789767,https://openalex.org/W4234612679"
"8","https://openalex.org/W4224903100","Predicting Post-Heart Transplant Composite Renal Outcome Risk in Adults: A Machine Learning Decision Tool","c(""https://openalex.org/A2142251827"", ""https://openalex.org/A4349537588"", ""https://openalex.org/A4358271586"", ""https://openalex.org/A4355798672"", ""https://openalex.org/A4355910450"", ""https://openalex.org/A4338089458"", ""https://openalex.org/A2003896239"", ""https://openalex.org/A4332634751"", ""https://openalex.org/A2696806483"", ""https://openalex.org/A1996628886"", ""https://openalex.org/A2582635305"", ""https://openalex.org/A4353581022"", ""https://openalex.org/A2898754041"", ""https://openalex.org/A4356930416"", 
""https://openalex.org/A4224907047"", ""https://openalex.org/A4356209176"", ""https://openalex.org/A4224907049"", ""https://openalex.org/A4348241994"", ""https://openalex.org/A2031980889"", ""https://openalex.org/A2138070640"", ""https://openalex.org/A4357149777"", ""https://openalex.org/A4356704125""),c(""Mutlu Mete"", ""Mehmet U. S. Ayvaci"", ""Venkatesh Kumar Ariyamuthu"", ""Alpesh Amin"", ""Matthias Peltz"", ""Jennifer T. Thibodeau"", ""Justin L. Grodin"", ""Pradeep P.A. Mammen"", ""Sonia Garg"", ""Faris G. Araj"", ""Robert M. Morlend"", ""Mark H. Drazner"", ""Nashila AbdulRahim"", ""Yeong-In Kim"", ""Yusuf Salam"", ""Ahmet Yalcin Gungor"", ""Bulent Delibasi"", ""Suman Krishna Kotla"", ""Malcolm MacConmara"", ""Prince Mohan"", ""Kamal Dua"", ""Bekir Tanriover""),c(NA, NA, NA, NA, NA, NA, ""https://orcid.org/0000-0002-6264-777X"", NA, ""https://orcid.org/0000-0003-2801-6015"", ""https://orcid.org/0000-0001-9332-0561"", NA, NA, ""https://orcid.org/0000-0002-1210-1103"", NA, NA, NA, NA, NA, ""https://orcid.org/0000-0001-7683-6945"", NA, NA, NA),c(""first"", ""middle"", ""middle"", ""middle"", ""middle"", ""middle"", ""middle"", ""middle"", ""middle"", ""middle"", ""middle"", ""middle"", ""middle"", ""middle"", ""middle"", ""middle"", ""middle"", ""middle"", ""middle"", ""middle"", ""middle"", ""last""),c(""Department of Computer Science, Texas A&M University—Commerce, Commerce, Texas, USA"", ""Information Systems, Naveen Jindal School of Business, University of Texas at Dallas, Richardson, Texas, USA"", ""Division of Nephrology, University of Arizona College of Medicine—Tucson, Tucson, Arizona, USA"", ""Division of Cardiology, University of Texas Southwestern Medical Center, Dallas, Texas, USA"", ""Division of Cardiovascular and Thoracic Surgery, University of Texas Southwestern Medical Center, Dallas, Texas, USA"", 
""Division of Cardiology, University of Texas Southwestern Medical Center, Dallas, Texas, USA"", ""Division of Cardiology, University of Texas Southwestern Medical Center, Dallas, Texas, USA"", ""Division of Cardiology, University of Texas Southwestern Medical Center, Dallas, Texas, USA"", ""Division of Cardiology, University of Texas Southwestern Medical Center, Dallas, Texas, USA"", ""Division of Cardiology, University of Texas Southwestern Medical Center, Dallas, Texas, USA"", ""Division of Cardiology, University of Texas Southwestern Medical Center, Dallas, Texas, USA"", 
""Division of Cardiology, University of Texas Southwestern Medical Center, Dallas, Texas, USA"", ""Division of Nephrology, University of Texas Southwestern Medical Center, Dallas, Texas, USA"", ""Virginia Commonwealth University, Information Systems, School of Business, Richmond, Virginia, USA"", ""School of Public Health at the University of Texas Health Science Center, Dallas, Texas, USA"", ""Division of Nephrology, Banner University Medical Group—Tucson, Tucson, Arizona, USA"", ""School of Behavioral and Brain Sciences, University of Texas at Dallas, Richardson, Texas, USA"", 
""Dallas Nephrology Associates, Dallas, Texas, USA"", ""Department of Surgery, University of Texas Southwestern Medical Center, Dallas, Texas, USA"", ""Division of Nephrology, Medical University of South Carolina, Lancaster, South Carolina, USA"", ""Division of Nephrology, Virginia Commonwealth University, Richmond, Virginia, USA"", ""Division of Nephrology, University of Arizona College of Medicine—Tucson, Tucson, Arizona, USA""),c(""https://openalex.org/I206651237"", ""https://openalex.org/I162577319"", ""https://openalex.org/I138006243"", ""https://openalex.org/I867280407"", ""https://openalex.org/I867280407"", ""https://openalex.org/I867280407"", ""https://openalex.org/I867280407"", ""https://openalex.org/I867280407"", ""https://openalex.org/I867280407"", ""https://openalex.org/I867280407"", ""https://openalex.org/I867280407"", ""https://openalex.org/I867280407"", ""https://openalex.org/I867280407"", ""https://openalex.org/I184840846"", ""https://openalex.org/I4210094379"", 
""https://openalex.org/I4210124665"", ""https://openalex.org/I162577319"", ""https://openalex.org/I4210133182"", ""https://openalex.org/I867280407"", ""https://openalex.org/I9146737"", ""https://openalex.org/I184840846"", ""https://openalex.org/I138006243""),c(""Texas A&M University – Commerce"", ""The University of Texas at Dallas"", ""University of Arizona"", ""The University of Texas Southwestern Medical Center"", ""The University of Texas Southwestern Medical Center"", ""The University of Texas Southwestern Medical Center"", ""The University of Texas Southwestern Medical Center"", ""The University of Texas Southwestern Medical Center"", ""The University of Texas Southwestern Medical Center"", ""The University of Texas Southwestern Medical Center"", ""The University of Texas Southwestern Medical Center"", 
""The University of Texas Southwestern Medical Center"", ""The University of Texas Southwestern Medical Center"", ""Virginia Commonwealth University"", ""University of Texas Health Science Center at Dallas"", ""University of Arizona Medical Center"", ""The University of Texas at Dallas"", ""Dallas Nephrology Associates"", ""The University of Texas Southwestern Medical Center"", ""University of South Carolina Lancaster"", ""Virginia Commonwealth University"", ""University of Arizona""),c(""https://ror.org/01red3556"", ""https://ror.org/049emcs32"", ""https://ror.org/03m2x1q45"", ""https://ror.org/05byvp690"", ""https://ror.org/05byvp690"", ""https://ror.org/05byvp690"", ""https://ror.org/05byvp690"", ""https://ror.org/05byvp690"", ""https://ror.org/05byvp690"", ""https://ror.org/05byvp690"", ""https://ror.org/05byvp690"", ""https://ror.org/05byvp690"", ""https://ror.org/05byvp690"", ""https://ror.org/02nkdxk79"", ""https://ror.org/00q16t150"", ""https://ror.org/02xbk5j62"", ""https://ror.org/049emcs32"", ""https://ror.org/045jrd330"", 
""https://ror.org/05byvp690"", ""https://ror.org/0289me815"", ""https://ror.org/02nkdxk79"", ""https://ror.org/03m2x1q45""),c(""US"", ""US"", ""US"", ""US"", ""US"", ""US"", ""US"", ""US"", ""US"", ""US"", ""US"", ""US"", ""US"", ""US"", ""US"", ""US"", ""US"", ""US"", ""US"", ""US"", ""US"", ""US""),c(""education"", ""education"", ""education"", ""healthcare"", ""healthcare"", ""healthcare"", ""healthcare"", ""healthcare"", ""healthcare"", ""healthcare"", ""healthcare"", ""healthcare"", ""healthcare"", ""education"", ""education"", ""healthcare"", ""education"", ""healthcare"", ""healthcare"", ""education"", ""education"", ""education"")",NA,"2022-04-01",NA,"Kidney International Reports","https://openalex.org/S2764478277","https://openalex.org/P4310320990","2468-0249","https://doi.org/10.1016/j.ekir.2022.04.004",NA,"cc-by-nc-nd","publishedVersion","1410","1415","7","6",TRUE,2,2022,"https://api.openalex.org/works?filter=cites:W4224903100","c(""openalex"", ""doi"", ""pmid""),c(""https://openalex.org/W4224903100"", ""https://doi.org/10.1016/j.ekir.2022.04.004"", ""https://pubmed.ncbi.nlm.nih.gov/35685329"")","https://doi.org/10.1016/j.ekir.2022.04.004","journal-article","https://openalex.org/W1793240042,https://openalex.org/W2010828656,https://openalex.org/W2092583036,https://openalex.org/W2414251438,https://openalex.org/W2460067189,https://openalex.org/W2591419591,https://openalex.org/W2768217392,https://openalex.org/W2802197440,https://openalex.org/W3127937024","https://openalex.org/W2114905932,https://openalex.org/W2129721911,https://openalex.org/W2316019351,https://openalex.org/W2915547445,https://openalex.org/W2919003372,https://openalex.org/W2925276829,https://openalex.org/W2972527599,https://openalex.org/W3087021964,https://openalex.org/W3141463372,https://openalex.org/W4308326679"
"9","https://openalex.org/W4205981601","Outcomes of Simultaneous Liver‐Kidney Transplantation Using Kidneys of Deceased Donors With Acute Kidney Injury","c(""https://openalex.org/A4334731854"", ""https://openalex.org/A1992216430"", ""https://openalex.org/A2031980889"", ""https://openalex.org/A4357149777"", ""https://openalex.org/A4356209176"", ""https://openalex.org/A4356704125""),c(""Ramesh Batra"", ""Venkatesh Kumar Ariyamuthu"", ""Malcolm MacConmara"", ""Kamal Dua"", ""Ahmet Yalcin Gungor"", ""Bekir Tanriover""),c(NA, NA, ""https://orcid.org/0000-0001-7683-6945"", NA, NA, NA),c(""first"", ""middle"", ""middle"", ""middle"", ""middle"", ""last""),c(""Department of SurgerySchool of MedicineYale UniversityNew HavenCT; These authors contributed equally as co‐first authors."", ""Division of NephrologyCollege of MedicineUniversity of ArizonaTucsonAZ; These authors contributed equally as co‐first authors."", ""Abdominal Medical AffairsTransMedics Group, Inc.AndoverMA"", ""Division of Nephrology Virginia Commonwealth University  Richmond Virginia USA"", ""Division of NephrologyBanner University Medical GroupTucsonAZ"", ""Division of Nephrology College of Medicine University of Arizona  Tucson Arizona USA""
),c(NA, ""https://openalex.org/I138006243"", NA, ""https://openalex.org/I184840846"", NA, ""https://openalex.org/I138006243""),c(""Department of SurgerySchool of MedicineYale UniversityNew HavenCT"", ""University of Arizona"", ""Abdominal Medical AffairsTransMedics Group, Inc.AndoverMA"", ""Virginia Commonwealth University"", ""Division of NephrologyBanner University Medical GroupTucsonAZ"", ""University of Arizona""),c(NA, ""https://ror.org/03m2x1q45"", NA, ""https://ror.org/02nkdxk79"", NA, ""https://ror.org/03m2x1q45""),c(NA, ""US"", NA, ""US"", NA, ""US""),c(NA, ""education"", NA, ""education"", NA, ""education"")",NA,"2022-01-10",NA,"Liver Transplantation","https://openalex.org/S205547219","https://openalex.org/P4310320503","1527-6465","https://doi.org/10.1002/lt.26406",NA,NA,NA,"983","997","28","6",FALSE,1,2022,"https://api.openalex.org/works?filter=cites:W4205981601","c(""openalex"", ""doi"", ""pmid""),c(""https://openalex.org/W4205981601"", ""https://doi.org/10.1002/lt.26406"", ""https://pubmed.ncbi.nlm.nih.gov/35006615"")","https://doi.org/10.1002/lt.26406","journal-article","https://openalex.org/W1511446635,https://openalex.org/W1847000208,https://openalex.org/W1959863861,https://openalex.org/W1996904669,https://openalex.org/W2020834047,https://openalex.org/W2028701043,https://openalex.org/W2039124873,https://openalex.org/W2063531526,https://openalex.org/W2074769157,https://openalex.org/W2476659492,https://openalex.org/W2509590939,https://openalex.org/W2562638760,https://openalex.org/W2567019040,https://openalex.org/W2591419591,https://openalex.org/W2782278885,https://openalex.org/W2893368204,https://openalex.org/W2951959765,https://openalex.org/W2985514794,https://openalex.org/W3008344525,https://openalex.org/W3134655349","https://openalex.org/W1569816628,https://openalex.org/W1977555849,https://openalex.org/W2016895065,https://openalex.org/W2021983387,https://openalex.org/W2063513203,https://openalex.org/W2087086071,https://openalex.org/W2589824098,https://openalex.org/W2771646799,https://openalex.org/W3104594363,https://openalex.org/W3210410693"
"10","https://openalex.org/W4220987486","Vignette-Based Reflections to Inform Genetic Testing Policies in Living Kidney Donors","c(""https://openalex.org/A3183036673"", ""https://openalex.org/A4330428352"", ""https://openalex.org/A4354826192"", ""https://openalex.org/A2701632166"", ""https://openalex.org/A4359248184"", ""https://openalex.org/A4223272367"", ""https://openalex.org/A4354426649"", ""https://openalex.org/A4356704125"", ""https://openalex.org/A2095857160"", ""https://openalex.org/A4357003358""),c(""Gurmukteshwar Singh"", ""Reginald Y. Gohh"", ""David Clark"", ""Kartik Kalra"", ""Manoj K. Das"", ""Gitana Bradauskaite"", ""Anthony J. Bleyer"", ""Bekir Tanriover"", ""Alex R. Chang"", ""M. Anand""),c(""https://orcid.org/0000-0002-3521-6763"", NA, NA, NA, NA, NA, NA, NA, ""https://orcid.org/0000-0002-8114-7447"", NA),c(""first"", ""middle"", ""middle"", ""middle"", ""middle"", ""middle"", ""middle"", ""middle"", ""middle"", ""last""),c(""Department of Nephrology, Geisinger Health, Danville, PA 17822, USA"", ""Division of Organ Transplantation, Rhode Island Hospital, Providence, RI 02908, USA"", ""Natera, Inc., Austin, TX 78753, USA"", ""Department of Nephrology, Geisinger Health, Danville, PA 17822, USA"", ""Department of Nephrology, Geisinger Health, Danville, PA 17822, USA"", ""Division of Nephrology, Einstein Medical Center, Philadelphia, PA 19141, USA"", ""Division of Nephrology, Wake Forest School of Medicine, Winston-Salem, NC 27157, USA"", 
""Division of Nephrology, University of Arizona College of Medicine, Tucson, AZ 85719, USA"", ""Department of Nephrology, Geisinger Health, Danville, PA 17822, USA"", ""Department of Nephrology, Medical University of South Carolina, Charleston, SC 29425, USA""),c(""https://openalex.org/I54713919"", ""https://openalex.org/I2800446032"", ""https://openalex.org/I4210124610"", ""https://openalex.org/I54713919"", ""https://openalex.org/I54713919"", ""https://openalex.org/I2801887358"", ""https://openalex.org/I47251452"", ""https://openalex.org/I138006243"", ""https://openalex.org/I54713919"", ""https://openalex.org/I153297377""),c(""Geisinger Health System"", ""Rhode Island Hospital"", ""Natera (United States)"", ""Geisinger Health System"", ""Geisinger Health System"", ""Einstein Medical Center Philadelphia"", ""Wake Forest University"", ""University of Arizona"", ""Geisinger Health System"", ""Medical University of South Carolina""),c(""https://ror.org/02qdbgx97"", ""https://ror.org/01aw9fv09"", ""https://ror.org/02anzyy56"", ""https://ror.org/02qdbgx97"", ""https://ror.org/02qdbgx97"", ""https://ror.org/03vzpaf33"", ""https://ror.org/0207ad724"", ""https://ror.org/03m2x1q45"", ""https://ror.org/02qdbgx97"", ""https://ror.org/012jban78""),c(""US"", ""US"", ""US"", ""US"", ""US"", ""US"", ""US"", ""US"", ""US"", ""US""),c(""healthcare"", ""healthcare"", ""company"", ""healthcare"", ""healthcare"", ""healthcare"", ""education"", ""education"", ""healthcare"", ""education"")",NA,"2022-03-26",NA,"Genes","https://openalex.org/S194631498","https://openalex.org/P4310310987","2073-4425","https://doi.org/10.3390/genes13040592","https://www.mdpi.com/2073-4425/13/4/592/pdf?version=1648290764","cc-by","publishedVersion","592","592","13","4",TRUE,1,2022,"https://api.openalex.org/works?filter=cites:W4220987486","c(""openalex"", ""doi"", ""pmid""),c(""https://openalex.org/W4220987486"", ""https://doi.org/10.3390/genes13040592"", ""https://pubmed.ncbi.nlm.nih.gov/35456398"")","https://doi.org/10.3390/genes13040592","journal-article","https://openalex.org/W2008905653,https://openalex.org/W2122084492,https://openalex.org/W2141198361,https://openalex.org/W2145486738,https://openalex.org/W2491645136,https://openalex.org/W2549008944,https://openalex.org/W2554756829,https://openalex.org/W2592492263,https://openalex.org/W2608361503,https://openalex.org/W2738954518,https://openalex.org/W2739262366,https://openalex.org/W2739896399,https://openalex.org/W2765338127,https://openalex.org/W2790740078,https://openalex.org/W2803799714,https://openalex.org/W2906428833,https://openalex.org/W2914651337,https://openalex.org/W2946258293,https://openalex.org/W2969734688,https://openalex.org/W3011686543,https://openalex.org/W3015680166,https://openalex.org/W3020743169,https://openalex.org/W3033767525,https://openalex.org/W3041995830,https://openalex.org/W3153542830,https://openalex.org/W3167506259","https://openalex.org/W1973714972,https://openalex.org/W1990329229,https://openalex.org/W2088078594,https://openalex.org/W2114046963,https://openalex.org/W2372524402,https://openalex.org/W2378019284,https://openalex.org/W2382568077,https://openalex.org/W3030709858,https://openalex.org/W3126449372,https://openalex.org/W4220987486"
"11","https://openalex.org/W4289334207","Donor-derived Cell-free DNA Measurement in Kidney Transplant Patients Without Allograft Dysfunction: More Evidence and More Questions","c(""https://openalex.org/A4357149777"", ""https://openalex.org/A4356704125""),c(""Kamal Dua"", ""Bekir Tanriover""),c(NA, NA),c(""first"", ""last""),c(""Divisions of Nephrology and Transplant Surgery, Virginia Commonwealth University, Richmond, VA."", ""Division of Nephrology, The University of Arizona, College of Medicine, Tucson, AZ.""),c(""https://openalex.org/I184840846"", ""https://openalex.org/I138006243""),c(""Virginia Commonwealth University"", ""University of Arizona""),c(""https://ror.org/02nkdxk79"", ""https://ror.org/03m2x1q45""),c(""US"", ""US""),c(""education"", ""education"")",NA,"2022-08-01",NA,"Transplantation","https://openalex.org/S11564597","https://openalex.org/P4310318547","0041-1337","https://doi.org/10.1097/tp.0000000000004268",NA,NA,"publishedVersion","25","26","107","1",TRUE,0,2022,"https://api.openalex.org/works?filter=cites:W4289334207","c(""openalex"", ""doi"", ""pmid""),c(""https://openalex.org/W4289334207"", ""https://doi.org/10.1097/tp.0000000000004268"", ""https://pubmed.ncbi.nlm.nih.gov/35913058"")","https://doi.org/10.1097/tp.0000000000004268","journal-article","https://openalex.org/W2808825376,https://openalex.org/W2856664011,https://openalex.org/W3083304631,https://openalex.org/W3129156014,https://openalex.org/W3180882971,https://openalex.org/W3193696325,https://openalex.org/W4200346616,https://openalex.org/W4220889435,https://openalex.org/W4225816508,https://openalex.org/W4289335921","https://openalex.org/W1511302864,https://openalex.org/W1569816628,https://openalex.org/W1862437987,https://openalex.org/W2021983387,https://openalex.org/W2043560509,https://openalex.org/W2087086071,https://openalex.org/W2352307153,https://openalex.org/W2589824098,https://openalex.org/W3178016388,https://openalex.org/W4206271106"
"12","https://openalex.org/W4311814760","Lack of effectiveness of Bebtelovimab Monoclonal Antibody Among High-Risk Patients with SARS-Cov-2 Omicron During BA.2, BA.2.12.1 and BA.5 Subvariants Dominated Era","c(""https://openalex.org/A4311814952"", ""https://openalex.org/A4356209176"", ""https://openalex.org/A4311814954"", ""https://openalex.org/A3008439326"", ""https://openalex.org/A4354866452"", ""https://openalex.org/A4311814957"", ""https://openalex.org/A4358271586"", ""https://openalex.org/A4223846218"", ""https://openalex.org/A4223846219"", ""https://openalex.org/A4311814961"", ""https://openalex.org/A1970514224"", ""https://openalex.org/A4311814963"", ""https://openalex.org/A4356704125""),c(""Srilekha Sridhara"", ""Ahmet Yalcin Gungor"", ""Halil K. Erol"", ""Mohanad Al-Obaidi"", ""Tirdad T. Zangeneh"", ""Edward J. Bedrick"", ""Venkatesh Kumar Ariyamuthu"", ""Aneesha Shetty"", ""Abd Assalam Qannus"", ""Katherine Mendoza"", ""Sangeetha Murugapandian"", ""Gaurav Gupta"", ""Bekir Tanriover""),c(NA, NA, ""https://orcid.org/0000-0001-5760-4276"", ""https://orcid.org/0000-0002-5189-6594"", NA, NA, NA, NA, NA, ""https://orcid.org/0000-0001-9618-2336"", NA, NA, NA),c(""first"", ""middle"", ""middle"", ""middle"", ""middle"", ""middle"", ""middle"", ""middle"", ""middle"", ""middle"", ""middle"", ""middle"", ""last""),c(""Division of Nephrology, College of Medicine, The University of Arizona, Tucson, Arizona, U.S.A."", ""Division of Nephrology, The Banner University Medical Center, Tucson, Arizona, U.S.A."", ""Division of Nephrology, College of Medicine, The University of Arizona, Tucson, Arizona, U.S.A."", ""Division of Infectious Diseases, College of Medicine, The University of Arizona, Tucson, Arizona, U.S.A."", ""Division of Infectious Diseases, College of Medicine, The University of Arizona, Tucson, Arizona, U.S.A."", 
""Department of Epidemiology and Biostatistics, College of Public Health, The University of Arizona, Tucson, Arizona, U.S.A."", ""Division of Nephrology, College of Medicine, The University of Arizona, Tucson, Arizona, U.S.A."", ""Division of Nephrology, College of Medicine, The University of Arizona, Tucson, Arizona, U.S.A."", ""Division of Nephrology, College of Medicine, The University of Arizona, Tucson, Arizona, U.S.A."", ""Division of Nephrology, College of Medicine, The University of Arizona, Tucson, Arizona, U.S.A."", 
""Division of Nephrology, College of Medicine, The University of Arizona, Tucson, Arizona, U.S.A."", ""Division of Nephrology, Virginia Commonwealth University, Richmond, Virginia, U.S.A."", ""Division of Nephrology, College of Medicine, The University of Arizona, Tucson, Arizona, U.S.A.""),c(""https://openalex.org/I138006243"", ""https://openalex.org/I4210124665"", ""https://openalex.org/I138006243"", ""https://openalex.org/I138006243"", ""https://openalex.org/I138006243"", ""https://openalex.org/I138006243"", ""https://openalex.org/I138006243"", ""https://openalex.org/I138006243"", ""https://openalex.org/I138006243"", ""https://openalex.org/I138006243"", ""https://openalex.org/I138006243"", ""https://openalex.org/I184840846"", ""https://openalex.org/I138006243""),c(""University of Arizona"", ""University of Arizona Medical Center"", ""University of Arizona"", ""University of Arizona"", ""University of Arizona"", ""University of Arizona"", ""University of Arizona"", ""University of Arizona"", ""University of Arizona"", ""University of Arizona"", ""University of Arizona"", ""Virginia Commonwealth University"", ""University of Arizona""),c(""https://ror.org/03m2x1q45"", ""https://ror.org/02xbk5j62"", ""https://ror.org/03m2x1q45"", ""https://ror.org/03m2x1q45"", ""https://ror.org/03m2x1q45"", ""https://ror.org/03m2x1q45"", ""https://ror.org/03m2x1q45"", ""https://ror.org/03m2x1q45"", ""https://ror.org/03m2x1q45"", ""https://ror.org/03m2x1q45"", ""https://ror.org/03m2x1q45"", ""https://ror.org/02nkdxk79"", ""https://ror.org/03m2x1q45""),c(""US"", ""US"", ""US"", ""US"", ""US"", ""US"", ""US"", ""US"", ""US"", ""US"", ""US"", ""US"", ""US""),c(""education"", ""healthcare"", ""education"", ""education"", ""education"", ""education"", ""education"", ""education"", ""education"", ""education"", ""education"", ""education"", ""education"")",NA,"2022-12-07",NA,"medRxiv (Cold Spring Harbor Laboratory)","https://openalex.org/S4306400573","https://openalex.org/I2750212522",NA,"https://doi.org/10.1101/2022.12.06.22283183",NA,"cc-by","submittedVersion",NA,NA,NA,NA,TRUE,0,2022,"https://api.openalex.org/works?filter=cites:W4311814760","c(""openalex"", ""doi""),c(""https://openalex.org/W4311814760"", ""https://doi.org/10.1101/2022.12.06.22283183"")","https://doi.org/10.1101/2022.12.06.22283183","posted-content","https://openalex.org/W4220774106,https://openalex.org/W4220886953,https://openalex.org/W4220970752,https://openalex.org/W4225647476,https://openalex.org/W4283026725,https://openalex.org/W4286009139,https://openalex.org/W4295899573,https://openalex.org/W4296211388,https://openalex.org/W4296702018,https://openalex.org/W4298086777,https://openalex.org/W4298394671,https://openalex.org/W4310576518","https://openalex.org/W1987872986,https://openalex.org/W2129866949,https://openalex.org/W2240094448,https://openalex.org/W2557595673,https://openalex.org/W3173653403,https://openalex.org/W3211023268,https://openalex.org/W4213445964,https://openalex.org/W4220870952,https://openalex.org/W4282920017,https://openalex.org/W4312100727"
"13","https://openalex.org/W4312197410","EFFECTIVENESS OF CASIRIVIMAB-IMDEVIMAB AND SOTROVIMAB MONOCLONAL ANTIBODY TREATMENT AMONG HIGH-RISK PATIENTS WITH SARS-CoV-2 INFECTION: A REAL-WORLD EXPERIENCE","c(""https://openalex.org/A4356704125"", ""https://openalex.org/A4356209176"", ""https://openalex.org/A4359970951"", ""https://openalex.org/A4313773258"", ""https://openalex.org/A4313773259"", ""https://openalex.org/A4282850814"", ""https://openalex.org/A4354866452"", ""https://openalex.org/A4313773262"", ""https://openalex.org/A4313773263"", ""https://openalex.org/A4223846214"", ""https://openalex.org/A4313773265"", ""https://openalex.org/A4338166222"", ""https://openalex.org/A4313773267"", ""https://openalex.org/A4313773268"", 
""https://openalex.org/A4313773269"", ""https://openalex.org/A4313773270"", ""https://openalex.org/A4313773271""),c(""Bekir Tanriover"", ""Ahmet Yalcin Gungor"", ""Mohanad Al-Obaidi"", ""Bijin Thajudeen"", ""Ryan Wong"", ""Iyad Mansour"", ""Tirdad T. Zangeneh"", ""Katherine Johnson"", ""Nicole Low"", ""Ruhaniyah Alam"", ""Elvira Gonzalez"", ""Burhaneddin Sandikci"", ""Sangeetha Muruganpandian"", ""Gaurav Gupta"", ""Edward Bedrick"", ""Turcin Saridogan"", ""Katherine Mendoza""),c(NA, NA, NA, NA, NA, NA, NA, NA, NA, NA, NA, NA, NA, NA, NA, NA, NA),c(""first"", ""middle"", ""middle"", ""middle"", ""middle"", ""middle"", ""middle"", ""middle"", ""middle"", ""middle"", ""middle"", ""middle"", ""middle"", ""middle"", ""middle"", ""middle"", ""last""),c(""Division of Nephrology, College of Medicine, The University of Arizona, Tucson, Arizona, U.S.A."", ""Division of Nephrology, The Banner University Medical Center, Tucson, Arizona, U.S.A."", "" The University of Arizona College of Medicine – Tucson: The University of Arizona College of Medicine Tucson;"", ""Division of Nephrology, College of Medicine, The University of Arizona, Tucson, Arizona, U.S.A."", ""Division of Nephrology, College of Medicine, The University of Arizona, Tucson, Arizona, U.S.A."", 
""Division of Nephrology, College of Medicine, The University of Arizona, Tucson, Arizona, U.S.A."", "" The University of Arizona College of Medicine – Tucson: The University of Arizona College of Medicine Tucson;"", ""Division of Clinical Pharmacy, The Banner University Medical Center, Tucson, Arizona, U.S.A."", ""Department of Surgery, The Banner University Medical Center, Tucson, Arizona, U.S.A."", ""Division of Clinical Pharmacy, The Banner University Medical Center, Tucson, Arizona, U.S.A."", ""Division of Nephrology, College of Medicine, The University of Arizona, Tucson, Arizona, U.S.A."", 
"" Istanbul Technical University;"", ""Division of Nephrology, Virginia Commonwealth University, Richmond, Virginia, U.S.A."", ""Department of Epidemiology and Biostatistics, College of Public Health, The University of Arizona, Tucson, Arizona, U.S.A."", "" The University of Arizona Mel and Enid Zuckerman College of Public Health;"", "" Division of Nephrology, College of Medicine, The University of Arizona, Tucson, Arizona"", ""Division of Nephrology, College of Medicine, The University of Arizona, Tucson, Arizona, U.S.A.""
),c(""https://openalex.org/I138006243"", ""https://openalex.org/I4210124665"", ""https://openalex.org/I138006243"", ""https://openalex.org/I138006243"", ""https://openalex.org/I138006243"", ""https://openalex.org/I138006243"", ""https://openalex.org/I138006243"", ""https://openalex.org/I4210124665"", ""https://openalex.org/I4210124665"", ""https://openalex.org/I4210124665"", ""https://openalex.org/I138006243"", ""https://openalex.org/I48912391"", ""https://openalex.org/I184840846"", ""https://openalex.org/I138006243"", ""https://openalex.org/I138006243"", 
""https://openalex.org/I138006243"", ""https://openalex.org/I138006243""),c(""University of Arizona"", ""University of Arizona Medical Center"", ""University of Arizona"", ""University of Arizona"", ""University of Arizona"", ""University of Arizona"", ""University of Arizona"", ""University of Arizona Medical Center"", ""University of Arizona Medical Center"", ""University of Arizona Medical Center"", ""University of Arizona"", ""Istanbul Technical University"", ""Virginia Commonwealth University"", ""University of Arizona"", ""University of Arizona"", ""University of Arizona"", ""University of Arizona""
),c(""https://ror.org/03m2x1q45"", ""https://ror.org/02xbk5j62"", ""https://ror.org/03m2x1q45"", ""https://ror.org/03m2x1q45"", ""https://ror.org/03m2x1q45"", ""https://ror.org/03m2x1q45"", ""https://ror.org/03m2x1q45"", ""https://ror.org/02xbk5j62"", ""https://ror.org/02xbk5j62"", ""https://ror.org/02xbk5j62"", ""https://ror.org/03m2x1q45"", ""https://ror.org/059636586"", ""https://ror.org/02nkdxk79"", ""https://ror.org/03m2x1q45"", ""https://ror.org/03m2x1q45"", ""https://ror.org/03m2x1q45"", ""https://ror.org/03m2x1q45""),c(""US"", ""US"", ""US"", ""US"", ""US"", ""US"", ""US"", ""US"", ""US"", ""US"", ""US"", ""TR"", ""US"", ""US"", ""US"", ""US"", ""US""),c(""education"", ""healthcare"", ""education"", ""education"", ""education"", ""education"", ""education"", ""healthcare"", ""healthcare"", ""healthcare"", ""education"", ""education"", ""education"", ""education"", ""education"", ""education"", ""education"")",NA,"2022-12-26",NA,"medRxiv (Cold Spring Harbor Laboratory)","https://openalex.org/S4306400573","https://openalex.org/I2750212522",NA,"https://doi.org/10.1101/2022.12.23.22283921",NA,"cc-by-nc","submittedVersion",NA,NA,NA,NA,TRUE,0,2022,"https://api.openalex.org/works?filter=cites:W4312197410","c(""openalex"", ""doi""),c(""https://openalex.org/W4312197410"", ""https://doi.org/10.1101/2022.12.23.22283921"")","https://doi.org/10.1101/2022.12.23.22283921","posted-content","https://openalex.org/W3008443627,https://openalex.org/W3111431752,https://openalex.org/W3198233589,https://openalex.org/W3214796554,https://openalex.org/W4200307715,https://openalex.org/W4200391585,https://openalex.org/W4207020509,https://openalex.org/W4211242522,https://openalex.org/W4220807057,https://openalex.org/W4220848096,https://openalex.org/W4220886953,https://openalex.org/W4220904663,https://openalex.org/W4220970752,https://openalex.org/W4223491415,https://openalex.org/W4224232629,https://openalex.org/W4226004814,https://openalex.org/W4226164088,https://openalex.org/W4226192094,https://openalex.org/W4280528857,https://openalex.org/W4282974695","https://openalex.org/W2275480158,https://openalex.org/W2603773853,https://openalex.org/W3036305013,https://openalex.org/W3092537164,https://openalex.org/W3133673602,https://openalex.org/W3162081874,https://openalex.org/W3196249313,https://openalex.org/W4205317059,https://openalex.org/W4206669628,https://openalex.org/W4280641901"
